{
  "summary": {
    "total": 37,
    "wins": 17,
    "losses": 20,
    "win_rate": 0.4594594594594595,
    "total_pnl": -49.2
  },
  "by_score_bucket": {
    "65-70": {
      "n": 4,
      "win_rate": 0.5,
      "pnl": -3.039999999999998
    },
    "70-75": {
      "n": 13,
      "win_rate": 0.3076923076923077,
      "pnl": -78.64
    },
    "75-80": {
      "n": 9,
      "win_rate": 0.3333333333333333,
      "pnl": -93.33
    },
    "80+": {
      "n": 11,
      "win_rate": 0.7272727272727273,
      "pnl": 125.81
    }
  },
  "by_divergence_score": {
    "<50": {
      "n": 0,
      "win_rate": 0.0,
      "pnl": 0
    },
    "50-70": {
      "n": 0,
      "win_rate": 0.0,
      "pnl": 0
    },
    "70+": {
      "n": 37,
      "win_rate": 0.4594594594594595,
      "pnl": -49.2
    }
  },
  "by_momentum_score": {
    "<30": {
      "n": 0,
      "win_rate": 0.0,
      "pnl": 0
    },
    "30-60": {
      "n": 11,
      "win_rate": 0.2727272727272727,
      "pnl": -56.27
    },
    "60+": {
      "n": 26,
      "win_rate": 0.5384615384615384,
      "pnl": 7.0699999999999985
    }
  },
  "by_close_reason": {
    "INVALID_SIGNAL": {
      "n": 1,
      "win_rate": 1.0,
      "pnl": 3.56,
      "avg_hold_hours": 20.652093545555555
    },
    "RESOLUTION": {
      "n": 12,
      "win_rate": 0.6666666666666666,
      "pnl": -8.809999999999999,
      "avg_hold_hours": 25.52320693233796
    },
    "TAKE_PROFIT": {
      "n": 7,
      "win_rate": 1.0,
      "pnl": 186.6,
      "avg_hold_hours": 3.2130774904761905
    },
    "TIMEOUT": {
      "n": 1,
      "win_rate": 1.0,
      "pnl": 9.11,
      "avg_hold_hours": 168.01372983166667
    },
    "TRAILING_STOP": {
      "n": 16,
      "win_rate": 0.0,
      "pnl": -239.66,
      "avg_hold_hours": 8.559568982291667
    }
  },
  "by_direction": {
    "YES": {
      "n": 18,
      "win_rate": 0.2222222222222222,
      "pnl": -224.0
    },
    "NO": {
      "n": 19,
      "win_rate": 0.6842105263157895,
      "pnl": 174.79999999999998
    }
  },
  "by_market_type": {
    "crypto_price_target": {
      "n": 0,
      "win_rate": 0.0,
      "pnl": 0
    },
    "event": {
      "n": 37,
      "win_rate": 0.4594594594594595,
      "pnl": -49.2
    }
  },
  "expired_signals": {
    "total": 58,
    "crypto": 0,
    "event": 58,
    "shadow_outcomes": []
  }
}